{
  "results": [
    {
      "lr": 0.0001,
      "bs": 2,
      "hp_metric": 0.026053640991449356,
      "time": 7.515828847885132,
      "version": 0
    },
    {
      "lr": 0.0001,
      "bs": 4,
      "hp_metric": 0.03910849243402481,
      "time": 5.997979402542114,
      "version": 1
    },
    {
      "lr": 0.0001,
      "bs": 8,
      "hp_metric": 0.0063711171969771385,
      "time": 1.9213292598724365,
      "version": 2
    }
  ],
  "default_config": {
    "lr": 5e-06,
    "batch_size": 8,
    "task": "token",
    "classifier": "albert",
    "small_data": true,
    "max_tokens": 128
  },
  "max_epochs": 3
}